36,-0.054156,0.61313,0.68104,-0.56337,0.42593,-0.21857,-0.61204,-0.41114,4.2266,-0.048025,2.7479,0.0010142,2.7158,2.9052,0.86984,3.8049,0.0089317,0.56377,1.3977,1.0028,0.63106,0.3804,0.15884,0.053649,0.077651,0.10014,0.13857,0.13557,0.33558,0.029163,13.323,7.9067,0.031238,0.42154,0.7045,0.90414,23.321,0.76646,0.33805,0.76646,0.33799,0.5245,0.1488,0.8789,1.0607,154,112.99,16833,1.8375e+06,12.287,151.98,1.3466e+05,736,672,0.90868,0.93352,0.065312,0.046408,0.04071,0.24361,5556.3,4058.7,0.00014911,5.1038e-05,0,0.032496,0,0.034228,0.007894,0.018432,0.010126,0.026777,0.040711,0.36147,0.38243,0.21121,0.5237,0.26509,0.31201,0.57398,0.11401,0.32882,0.56869,0.10249,0.79174,2.1207,5728.6,14429,11887,0.45235,0.4944,0.2754,0.66066,0.69842,0.21376,0.77173,0.80076,0.17622,0.8413,0.86211,0.15234,0.88184,0.89704,0.1351,0.023485,0.02595,0.27491,0.15226,0.20009,0.091505,0.091577,0.10002,0.14074,0.17922,0.22717,0.15924,0.1688,0.18063,0.10731,0.19363,0.2578,0.17387,0.0029712,0.0036085,0.065277,0.011068,0.010354,0.03839,0.0069176,0.0078495,0.069675,0.016898,0.014758,0.034428,0.012525,0.013529,0.073099,0.023127,0.022361,0.026903,0.0065826,0.0086592,0.10407,0.024327,0.026318,0.080679,0.012943,0.016084,0.10083,0.031516,0.032659,0.082432,0.020049,0.024189,0.094716,0.036386,0.038323,0.085045,0.00046943,0.00041678,0.091925,0.0069855,0.014014,-0.0087058,0.0013759,0.0011892,0.085652,0.0095991,0.021357,-0.016133,0.0030514,0.0026482,0.093915,0.01463,0.029619,-0.022289,1.3072,91,109,91,432,2,2,2,1.5
36,-0.04085,0.80271,0.77728,0.47001,0.71932,0.34167,-0.27307,-0.15766,2.5172,-0.015479,2.8805,0.00056353,4.0742,2.3748,2.9298,2.8442,0.0066765,-0.47084,3.6566,2.4541,1.3592,0.80176,0.068136,0.030238,0.075746,0.078627,0.14131,0.13793,0.46801,0.92923,23.322,2.9853,0.0038351,0.56874,0.79511,0.95204,29.557,0.26964,0.72158,0.72158,0.365,0.67372,0.19293,2.0943,2.1633,229,53.624,9217,3.9253e+05,13.92,201.61,73736,18528,712,0.90836,0.93451,0.08986,0.066898,0.041771,0.37216,8287,4653.1,0.0002843,7.7726e-05,0,0.04173,0,0.035417,0.010262,0.0026838,0.015633,0.00054245,0.084106,0.85026,0.63713,0.20609,0.5218,0.27211,0.30414,0.56721,0.12864,0.31191,0.57647,0.11162,1.5747,2.1769,13711,33187,31667,0.46766,0.52689,0.22556,0.66993,0.72524,0.17172,0.7774,0.81908,0.14063,0.84257,0.87307,0.12087,0.88791,0.91011,0.10776,0.026402,0.031068,0.24484,0.15351,0.20482,0.12578,0.10238,0.12364,0.12465,0.18157,0.24067,0.2914,0.18039,0.20558,0.090849,0.18695,0.25913,0.27087,0.0030965,0.0028036,0.053896,0.010467,0.0060613,-0.013166,0.006758,0.0062215,0.053924,0.014487,0.010051,-0.015117,0.01144,0.010654,0.052893,0.017939,0.016205,-0.016563,0.0031421,0.0029037,0.039356,0.0071112,0.0092911,-0.010275,0.0066605,0.0065644,0.041106,0.010391,0.01277,-0.0027216,0.011276,0.011002,0.042202,0.013642,0.016319,-0.0057741,0.00044526,0.00035788,0.069076,0.0057768,0.013511,-0.011876,0.0014988,0.0012409,0.073916,0.0095634,0.021779,-0.01664,0.0030743,0.0024791,0.074959,0.013119,0.028939,-0.024653,1.0629,91,109,91,432,2,2,2,1.5
36,-0.0053211,0.25016,0.25602,-0.8622,0.23289,-0.60306,-0.30056,-1.4536,9.7306,0.021381,2.6898,0.0046314,4.5676,8.694,0.27474,14.795,0.03473,0.8623,0.65672,0.45701,0.28663,0.1494,0.18505,0.15279,0.15099,0.10669,0.1172,0.11966,0.16761,0.040173,0.88539,1.5823,0.089351,0.25388,0.62011,0.789,4.2603,0.78142,0.25842,0.78142,0.49522,1.3266,0.25721,0.4805,0.10058,230,55.47,11590,5.8302e+05,15.055,227.76,92720,1256,1192,0.91152,0.93684,0.061321,0.043322,0.024275,0.27117,6498.2,4215.6,0.00020105,6.1106e-05,0,0.026645,0,0.028007,0.0044129,0.011829,0.0063114,0.015353,0.16799,0.41652,0.16782,0.19634,0.52694,0.27672,0.27439,0.59747,0.12814,0.28405,0.60096,0.11499,0.98404,2.2138,10715,23616,21502,0.42597,0.46528,0.21338,0.63303,0.67261,0.16853,0.75092,0.7817,0.14108,0.8309,0.85426,0.12379,0.88586,0.90346,0.11166,0.023902,0.026412,0.2302,0.14049,0.19271,0.090421,0.095503,0.1059,0.12076,0.17054,0.22329,0.18577,0.17625,0.19087,0.092189,0.18512,0.25421,0.20208,0.0033662,0.004134,0.06085,0.012074,0.010631,0.041022,0.0079087,0.0091737,0.065541,0.018566,0.016096,0.043205,0.015427,0.017471,0.074082,0.028009,0.026551,0.048356,0.0098757,0.012758,0.12847,0.036158,0.03459,0.086071,0.017792,0.022545,0.11404,0.042371,0.041067,0.10295,0.027512,0.034184,0.10694,0.049123,0.048571,0.11409,0.00045646,0.00036802,0.073545,0.0060905,0.013995,-0.015321,0.001462,0.0011995,0.074884,0.0094323,0.022875,-0.021357,0.0030404,0.0025658,0.076992,0.013179,0.031913,-0.025393,1.1746,91,109,91,432,2,2,2,1.5
36,-0.0076939,0.98148,0.99517,0.050259,0.94899,0.039433,-0.2154,-13.918,252.3,-0.069879,2.2068,0.035873,18.956,13.067,2.0948,30.213,0.070923,-0.050282,2.0789,1.2387,0.70382,0.40243,0.057533,0.08142,0.15629,0.12724,0.14636,0.13165,0.29951,0.80963,0.70877,0.01131,0.21171,0.64105,0.81631,0.93716,4.1359,0.23591,0.62811,0.62811,0.84277,1.0781,0.28258,2.7145,3.2606,201,88.876,15309,1.1669e+06,13.999,197.62,1.2247e+05,5296,3768,0.91044,0.93586,0.17101,0.1195,0.1272,0.51775,13285,8173.6,0.000193,9.1074e-05,0,0.026005,0,0.029331,0.0085391,0.012441,0.015144,0.018081,0.43664,0.13779,0.16222,0.20581,0.52134,0.27285,0.28641,0.581,0.13259,0.30932,0.57286,0.11781,1.9635,2.1828,9300.4,22379,19890,0.34153,0.38255,0.21804,0.54211,0.5803,0.18394,0.67902,0.71137,0.16259,0.77377,0.7994,0.14693,0.83551,0.8551,0.13422,0.012897,0.0145,0.15831,0.079256,0.14284,0.091403,0.057605,0.063251,0.092836,0.10222,0.16692,0.14486,0.1131,0.11969,0.075393,0.11508,0.19537,0.12356,0.002078,0.0021071,0.047875,0.0060792,0.00506,0.0022797,0.0052461,0.0054342,0.05541,0.011071,0.0092595,0.0086221,0.010189,0.010657,0.06236,0.017251,0.017232,0.01493,0.0012906,0.0011611,0.021397,-0.00079173,0.0024081,-0.012517,0.0029023,0.0026607,0.023709,-0.00015404,0.0034747,-0.014565,0.0051012,0.0046453,0.025271,0.00058123,0.0050738,-0.019923,5.557e-05,5.2535e-05,0.011411,-0.0012561,0.0077556,-0.0020304,0.00025504,0.00022558,0.016649,-0.0011148,0.013243,-0.0064843,0.00065828,0.00055583,0.021246,-0.0005749,0.01919,-0.013352,1.1191,91,109,91,432,2,2,2,1.5
36,-0.001067,0.92398,0.92373,0.27226,0.92064,0.288,0.057819,-16.589,333.45,-0.036415,1.512,0.068517,25.104,15.72,2.5385,110.3,0.25893,-0.27228,3.4628,1.8418,0.94542,0.46528,0.03395,0.058787,0.12134,0.12946,0.16423,0.1706,0.32163,4.4465,1.7283,0.10749,0.24498,0.69759,0.86262,0.94352,9.031,0.25644,0.60208,0.60208,0.85338,0.95668,0.27147,2.5557,2.1749,239,60.828,10353,4.6519e+05,14.536,218.4,82824,16272,3992,0.90788,0.93393,0.18063,0.13332,0.10785,0.5863,12904,8655,0.00016945,8.8323e-05,0,0.039104,0,0.037829,0.011472,0.02831,0.020084,0.049011,0.10715,0.75291,0.66991,0.20303,0.51756,0.27941,0.28932,0.5678,0.14287,0.3101,0.56786,0.12204,2.0442,2.2353,17532,43432,42519,0.38603,0.43507,0.21206,0.57283,0.61683,0.16723,0.68807,0.72289,0.14177,0.78131,0.80768,0.12765,0.84046,0.85957,0.11617,0.015332,0.016779,0.16194,0.089737,0.14617,0.058889,0.06738,0.073351,0.093434,0.11635,0.1739,0.1109,0.12664,0.13346,0.072641,0.12533,0.19856,0.093224,0.0027645,0.0024227,0.054801,0.0093739,0.0048693,-0.016942,0.006135,0.0057141,0.055755,0.013326,0.0091098,-0.013147,0.011463,0.011289,0.060364,0.019229,0.017436,-0.0039358,0.002957,0.0027749,0.042182,0.0067656,0.0072887,-0.0082735,0.0056519,0.0053144,0.039727,0.0080849,0.0090844,-0.010774,0.0095088,0.0089138,0.040531,0.010559,0.012189,-0.014457,0.00039676,0.00028767,0.070102,0.0052599,0.012663,-0.015824,0.0010519,0.00078529,0.059085,0.0061768,0.018801,-0.020166,0.0018001,0.0013815,0.049989,0.0063445,0.023751,-0.023277,0.9948,91,109,91,432,2,2,2,1.5
36,-0.063269,0.90678,0.99757,0.010892,0.67736,0.0047211,-0.56656,0.65123,4.3327,0.0099149,2.8126,1.4245e-05,3.3452,2.3501,2.0168,2.7159,0.0063755,-0.010894,1.9244,1.3677,0.96822,0.52537,0.12621,0.045722,0.11038,0.087677,0.093498,0.16087,0.37563,0.0055466,9.5727,0.89797,0.00010195,0.37333,0.8145,0.93812,12.602,0.53504,0.38847,0.53504,0.40032,0.40882,0.21171,3.9869,6.3692,281,38.42,5217,1.3864e+05,12.319,158.37,41736,27616,1808,0.91256,0.93933,0.070801,0.048448,0.04624,0.44182,5680.4,3929.5,0.00014616,5.0207e-05,0,0.030424,0,0.03373,0.005762,0.005552,0.0098854,0.012263,0.3218,0.5259,0.022281,0.20758,0.50738,0.28504,0.33473,0.54063,0.12464,0.35166,0.53592,0.11242,1.3358,2.2803,6204.4,12422,9936.4,0.43636,0.47378,0.20428,0.62395,0.65872,0.15524,0.72834,0.7561,0.12788,0.80125,0.82223,0.11156,0.84966,0.8658,0.10009,0.02068,0.022645,0.18614,0.11579,0.17549,0.09104,0.082205,0.088444,0.097144,0.13756,0.19861,0.14375,0.15171,0.16029,0.074156,0.14751,0.2284,0.15015,0.0041539,0.0045819,0.070174,0.015625,0.010854,0.024751,0.0093043,0.010142,0.07206,0.022385,0.016537,0.030351,0.016328,0.017548,0.073276,0.029182,0.025064,0.03238,0.0070485,0.0076593,0.085688,0.023207,0.020357,0.0259,0.013316,0.014753,0.079763,0.028589,0.025998,0.042246,0.021492,0.023668,0.078072,0.034844,0.032682,0.04996,0.00092568,0.00093196,0.13939,0.014026,0.022741,0.00091661,0.0029083,0.0028072,0.13922,0.021173,0.03347,-0.006801,0.0055311,0.0053279,0.1309,0.026559,0.043638,-0.009257,1.0601,91,109,91,432,2,2,2,1.5
36,-0.014125,0.47986,0.47181,-0.72601,0.44589,-0.55584,-0.2344,-1.5319,9.7377,-0.13886,2.73,0.0028232,4.9402,6.6679,0.54638,10.631,0.024955,0.72613,0.97425,0.53629,0.31048,0.19317,0.15617,0.15105,0.11663,0.16859,0.13095,0.087592,0.18902,0.0067904,0.21013,1.4006,0.14652,0.44788,0.61316,0.85266,3.6778,0.29647,0.54466,0.54466,0.74972,0.75486,0.31669,0.68681,0.2,133,119.24,13959,1.4752e+06,11.239,128.39,1.1167e+05,11272,1072,0.90768,0.93153,0.095333,0.07191,0.040436,0.34559,10407,5598,0.00021556,7.992e-05,0,0.024657,0,0.024372,0.02132,0.00078614,0.033853,0.003488,0.081198,0.86744,0.66348,0.2007,0.52955,0.26975,0.27374,0.59566,0.1306,0.2859,0.59955,0.11456,0.8228,2.158,13489,37042,35803,0.46951,0.52977,0.26348,0.68143,0.73251,0.20323,0.79712,0.83485,0.16778,0.87469,0.90247,0.14599,0.9193,0.93936,0.12981,0.023605,0.027354,0.2547,0.14686,0.19654,0.11145,0.09518,0.10741,0.13483,0.17999,0.22601,0.18163,0.17415,0.18822,0.10205,0.19323,0.25031,0.16252,0.0044603,0.0054831,0.090325,0.018828,0.016814,0.037483,0.0099014,0.011807,0.091925,0.02664,0.023518,0.044616,0.018314,0.020901,0.098524,0.037138,0.034307,0.043878,0.0078552,0.011029,0.11447,0.029124,0.032756,0.085439,0.015149,0.019576,0.10878,0.036904,0.038514,0.081565,0.024234,0.029593,0.10553,0.04452,0.044978,0.076694,0.00035001,0.00027146,0.063178,0.0044279,0.013027,-0.012161,0.0012471,0.00094634,0.071563,0.0080302,0.020956,-0.021277,0.0028525,0.0022518,0.080924,0.012822,0.029164,-0.026293,1.2934,91,109,91,432,2,2,2,1.5
36,-0.051344,0.92474,0.98175,0.12639,0.74634,0.064503,-0.48967,0.2979,5.6824,0.12291,2.7312,0.0018888,6.8874,4.5879,2.2432,6.5359,0.015342,-0.12667,2.2243,1.5157,0.93731,0.60465,0.087527,0.057776,0.10595,0.094814,0.12881,0.11615,0.40898,0.29806,4.5273,0.93497,0.012742,0.53002,0.75039,0.94323,7.9967,0.49733,0.53449,0.53449,0.39859,0.66831,0.22355,2.6827,3.523,205,55.429,9776,4.6516e+05,14.191,202.6,78208,1272,1032,0.90965,0.93671,0.027301,0.01974,0.0013656,0.13387,4689.7,3211.6,0.00017225,5.0085e-05,0,0.034352,0,0.035166,0.0035241,0.014097,0.0083619,0.025074,0.16938,0.10477,0.49527,0.20723,0.50778,0.28498,0.31068,0.54501,0.14431,0.33571,0.53169,0.1326,1.1613,2.2799,9236.7,20359,18287,0.42928,0.47075,0.19706,0.63542,0.67452,0.15502,0.75799,0.79029,0.1305,0.83427,0.85883,0.1139,0.88242,0.90087,0.10193,0.017948,0.019885,0.15841,0.097911,0.15985,0.077473,0.074623,0.078408,0.086471,0.12084,0.18035,0.071252,0.13918,0.14251,0.066709,0.13021,0.20566,0.047116,0.0014878,0.0012104,0.024646,0.002199,0.00071442,-0.019329,0.0030711,0.0025722,0.023323,0.0024915,0.002034,-0.023832,0.0060266,0.0052973,0.02652,0.0048712,0.0069733,-0.024972,0.0036827,0.0038158,0.0439,0.0091542,0.011028,0.0061032,0.0075457,0.0073474,0.044321,0.012549,0.013664,-0.0058976,0.012204,0.01146,0.04347,0.015227,0.01672,-0.017005,0.00040522,0.00040936,0.059831,0.0049454,0.013114,0.00063026,0.00090456,0.00085622,0.042458,0.0044202,0.018511,-0.0041844,0.0014472,0.0012889,0.033583,0.0038498,0.023829,-0.010457,1.144,91,109,91,432,2,2,2,1.5
36,-0.042205,0.68908,0.72444,-0.52334,0.55101,-0.26727,-0.48929,0.6002,7.0124,-0.020762,2.6596,0.0048011,7.6638,7.8476,0.9493,11.396,0.026751,0.52382,1.3925,0.86825,0.52655,0.33181,0.10427,0.1076,0.098372,0.139,0.14199,0.11352,0.29525,0.32252,1.2017,2.608,0.065248,0.47986,0.69846,0.90979,6.2856,0.62292,0.5334,0.62292,0.54897,0.58183,0.22901,0.90656,0.17768,255,38.463,6933,1.8997e+05,15.57,246.34,55464,4632,3544,0.91163,0.94005,0.049258,0.033332,0.033596,0.22948,5201.3,3482.7,0.00012243,4.414e-05,0,0.03252,0,0.036847,0.002953,0.00043324,0.0096173,4.2274e-05,0.012128,0.43414,0.33394,0.20321,0.50916,0.28763,0.33135,0.54826,0.12039,0.34802,0.54354,0.10844,0.92604,2.301,5607.2,10568,8110.1,0.44107,0.47271,0.18937,0.64445,0.67542,0.14705,0.76032,0.78339,0.12244,0.8345,0.85157,0.10656,0.87859,0.89162,0.094918,0.021653,0.022505,0.17874,0.11657,0.17446,0.039996,0.082646,0.086067,0.089571,0.1325,0.19431,0.082353,0.15373,0.15775,0.068916,0.14363,0.22531,0.074305,0.0041665,0.0043298,0.064553,0.015013,0.0097229,0.0097005,0.0089375,0.0096372,0.063483,0.020303,0.014959,0.026783,0.015854,0.017036,0.06525,0.026856,0.023541,0.033493,0.0050118,0.0053389,0.055879,0.014124,0.013737,0.016902,0.0089169,0.0093149,0.048986,0.015749,0.016264,0.014696,0.013635,0.013873,0.045426,0.017589,0.019814,0.0070429,0.00072554,0.00067792,0.10019,0.010099,0.020984,-0.0079624,0.0022211,0.0020991,0.097511,0.014778,0.030608,-0.0097808,0.0043592,0.0040817,0.094613,0.01919,0.039224,-0.01485,1.0969,91,109,91,432,2,2,2,1.5
36,-0.045739,0.84506,0.91152,-0.29387,0.67677,-0.14474,-0.50749,-0.62771,5.7173,0.022018,2.7961,0.00074189,7.8045,6.5685,1.4052,8.9071,0.020909,0.29443,1.5832,1.0906,0.68828,0.40427,0.11722,0.048529,0.14584,0.10245,0.12804,0.13456,0.32336,0.070285,9.1023,0.30257,0.014009,0.49955,0.76961,0.92361,11.682,0.58724,0.36501,0.58724,0.50568,0.60407,0.2749,1.3199,1.3234,239,33.728,5198,1.152e+05,14.794,224.81,41584,5264,2880,0.91313,0.94073,0.028089,0.019172,0.008871,0.1477,4519.5,3152.9,0.00012479,4.0474e-05,0,0.040725,0,0.041956,0.0028068,0.0082094,0.0043337,0.016886,0.073097,0.53644,0.21095,0.19925,0.50857,0.29217,0.31989,0.55053,0.12958,0.3331,0.54777,0.11912,1.0417,2.3374,9110.3,16391,14030,0.43942,0.47016,0.16692,0.65886,0.69305,0.13301,0.78056,0.80703,0.11121,0.85126,0.87027,0.096173,0.8902,0.90492,0.085088,0.020129,0.020861,0.14701,0.10106,0.16388,0.031734,0.080795,0.084067,0.077472,0.12111,0.18578,0.070028,0.15153,0.15604,0.060101,0.13245,0.21703,0.073115,0.0033112,0.003476,0.045388,0.010241,0.0068293,0.0093509,0.0065441,0.0068397,0.041125,0.012218,0.0096244,0.01143,0.011625,0.011909,0.04233,0.01628,0.0164,0.0082241,0.0068096,0.0075281,0.067172,0.019978,0.017402,0.028559,0.012711,0.013953,0.061779,0.024208,0.022134,0.03393,0.019472,0.02094,0.057394,0.027527,0.026281,0.031931,0.00043651,0.00038542,0.053333,0.00498,0.013914,-0.0097107,0.0013008,0.0011487,0.050526,0.0069861,0.021968,-0.013616,0.0024435,0.0022136,0.046922,0.0084702,0.029976,-0.014687,1.0425,91,109,91,432,2,2,2,1.5
36,-0.043447,0.70701,0.78378,-0.46304,0.53001,-0.19956,-0.56901,-2.3454,15.533,-0.08002,2.6825,0.0059522,5.5921,5.3945,1.0696,7.4704,0.017536,0.46347,1.4212,0.91528,0.61753,0.39478,0.1684,0.081782,0.081986,0.12413,0.10935,0.11233,0.32203,0.0056195,2.3535,3.5964,0.050419,0.39575,0.71139,0.91374,8.0268,0.49968,0.58878,0.58878,0.46403,0.70345,0.28348,1.0778,0.54506,226,39.761,7312,2.3634e+05,14.856,222.44,58496,2416,1896,0.91301,0.93936,0.063477,0.044759,0.034338,0.32047,6276.9,4245.2,0.0002245,6.4478e-05,0,0.049343,0,0.046018,0.019257,0.0049821,0.039651,0.0035475,0.21968,0.79272,0.24896,0.20294,0.51074,0.28632,0.32212,0.54736,0.13052,0.33151,0.54614,0.12235,1.1399,2.2905,13056,25458,24122,0.433,0.46329,0.17537,0.64005,0.67232,0.13777,0.76266,0.79012,0.11585,0.8381,0.85903,0.10096,0.88782,0.90212,0.090479,0.018958,0.01965,0.14763,0.09768,0.15792,0.027704,0.07623,0.077991,0.077935,0.11644,0.17851,0.03457,0.14029,0.14186,0.05933,0.1235,0.20692,0.023718,0.0011988,0.0010816,0.017521,0.00071377,-0.00026632,-0.011578,0.0041214,0.0038569,0.027615,0.0054482,0.0040272,-0.012515,0.0093884,0.0087061,0.03645,0.011926,0.01192,-0.020037,0.0044184,0.0042017,0.04647,0.011425,0.01042,-0.0092989,0.0080651,0.0075622,0.041796,0.013106,0.012582,-0.015168,0.012371,0.011394,0.038878,0.014613,0.015213,-0.023493,0.00041372,0.00030262,0.053896,0.0047774,0.012703,-0.019704,0.0011063,0.00084219,0.045815,0.0057104,0.019678,-0.021996,0.0017265,0.0013495,0.035348,0.0050528,0.025654,-0.023802,1.0568,91,109,91,432,2,2,2,1.5
36,-0.044036,0.9011,0.93282,-0.25498,0.7663,-0.14724,-0.42251,0.11617,4.2914,0.022875,2.786,0.001097,4.1358,3.3845,1.4863,4.8013,0.011271,0.25501,1.6988,1.0843,0.64934,0.37561,0.11658,0.087354,0.10098,0.12062,0.13972,0.13322,0.30151,0.035645,1.1377,1.2272,0.085675,0.55224,0.77831,0.91928,4.7361,0.82152,0.50737,0.82152,0.38233,0.97993,0.21204,1.3562,1.1063,178,56.236,7491,3.2106e+05,12.794,167.76,59928,8944,2576,0.91183,0.93872,0.10298,0.073824,0.049487,0.43055,10259,4911.1,0.00024884,8.2746e-05,0,0.029119,0,0.033581,0.0059164,0.003255,0.0074183,0.0023593,0.24307,0.60963,0.40521,0.19324,0.5261,0.28065,0.29145,0.5995,0.10905,0.29229,0.61311,0.094595,1.37,2.2452,13539,27051,25584,0.55303,0.6214,0.22283,0.74811,0.79989,0.1602,0.838,0.87272,0.12664,0.89088,0.91518,0.10676,0.92286,0.94031,0.093567,0.026907,0.032068,0.20845,0.14299,0.19938,0.18051,0.11362,0.13137,0.11556,0.18699,0.23939,0.29295,0.19705,0.217,0.082904,0.19032,0.26048,0.26115,0.0032823,0.0032063,0.047726,0.010418,0.0065898,-0.0041267,0.0095368,0.0093982,0.063571,0.021428,0.014038,-0.0039648,0.017772,0.017313,0.068645,0.03019,0.022833,-0.0090594,0.0071991,0.0074232,0.075327,0.022081,0.018502,0.0071802,0.013066,0.013303,0.067367,0.025853,0.022727,0.0053873,0.020328,0.020306,0.063557,0.030026,0.027247,-0.00040907,0.00074776,0.00059835,0.096909,0.010135,0.015927,-0.018269,0.0021181,0.0017374,0.087267,0.013513,0.024415,-0.022087,0.0034375,0.0028549,0.070019,0.01384,0.031255,-0.025195,0.96791,91,109,91,432,2,2,2,1.5
36,-0.029097,0.64303,0.684,-0.56073,0.52929,-0.8274,0.47559,-0.27093,2.6324,-0.069532,2.7773,5.0566e-07,3.2301,3.4503,0.87239,4.9358,0.011586,0.56189,0.984,0.44229,0.21479,0.099483,0.059928,0.071256,0.35713,0.19531,0.13397,0.089064,0.09335,1.5201,2.1966,0.18781,0.34276,0.5585,0.69344,0.77869,6.2778,0.095161,0.16762,0.16762,0.88141,0.99825,0.43088,0.8714,0.35922,245,44.6,8260,2.788e+05,15.425,240.22,66080,3648,1912,0.90952,0.93632,0.036301,0.02703,0.0029925,0.16505,7804.9,3381.8,0.0001153,4.5085e-05,0,0.030588,0,0.033081,0.0039866,0.043016,0.0064169,0.07141,0.012812,0.37063,0.52038,0.25362,0.48326,0.26312,0.45153,0.46471,0.083756,0.50942,0.42126,0.069319,1.38,2.105,26963,63489,62456,0.28046,0.27765,0.12492,0.42096,0.40402,0.099643,0.52072,0.49467,0.086988,0.59881,0.57066,0.079325,0.663,0.63259,0.074305,0.014432,0.014337,0.12359,0.075209,0.12823,-0.0031547,0.060326,0.060168,0.067825,0.090486,0.14676,-0.0026613,0.11914,0.1193,0.055408,0.10329,0.17635,0.0020296,0.00474,0.0053908,0.076185,0.018108,0.014079,0.022449,0.010836,0.012978,0.079846,0.026585,0.023111,0.046902,0.020036,0.023731,0.085549,0.036967,0.034855,0.057789,0.0038679,0.0038907,0.044737,0.0097636,0.0093431,0.00085826,0.0085183,0.0087458,0.048547,0.014973,0.014528,0.0055355,0.015404,0.0159,0.053238,0.021534,0.021401,0.0087794,0.0023868,0.002669,0.34194,0.038395,0.038986,0.015365,0.0063492,0.0072954,0.28916,0.048618,0.054957,0.027018,0.011026,0.012286,0.24827,0.055634,0.066243,0.025868,1.1634,91,109,91,432,2,2,2,1.5
36,-0.058513,1.0357,0.97604,-0.14728,0.89754,-0.10551,-0.2836,1.3623,23.671,0.035348,2.5339,0.015216,14.526,11.111,1.7014,19.712,0.046271,0.14729,2.3418,1.1083,0.67746,0.41978,0.10349,0.051826,0.085219,0.18974,0.13203,0.11726,0.32044,0.053614,5.2344,1.6944,0.33907,0.56943,0.7676,0.93556,9.594,0.38141,0.45172,0.45172,0.5675,0.70119,0.32337,1.7076,1.6477,216,45.208,8151,3.0738e+05,14.527,212.67,65208,2904,1600,0.91239,0.94035,0.096257,0.066218,0.065357,0.42037,11326,7000.7,0.00016506,7.95e-05,0,0.023197,0,0.024542,0.0062861,0.0094736,0.0090284,0.016002,0.10943,0.39232,0.49962,0.19421,0.51391,0.29188,0.28808,0.56613,0.14579,0.30282,0.5645,0.13267,1.3808,2.3351,6996,13325,10902,0.40326,0.43938,0.16976,0.60615,0.64031,0.13561,0.72586,0.7542,0.11461,0.81413,0.83652,0.10193,0.87144,0.88933,0.092311,0.019613,0.02111,0.15875,0.10345,0.16537,0.066625,0.082217,0.08801,0.08737,0.13035,0.19232,0.12453,0.15713,0.16501,0.06907,0.14632,0.22618,0.12797,0.002551,0.0026163,0.038753,0.0071685,0.0047909,0.0046141,0.0065264,0.0066779,0.045453,0.012819,0.00901,0.0062498,0.013557,0.014403,0.054712,0.021465,0.019492,0.023866,0.0066125,0.0075809,0.072288,0.020273,0.019162,0.039724,0.013275,0.014587,0.071507,0.02698,0.024197,0.03624,0.02152,0.022984,0.070297,0.033067,0.029726,0.031085,0.00043754,0.00035616,0.059246,0.0052639,0.015077,-0.015757,0.0014786,0.0012182,0.063646,0.0087646,0.023467,-0.023266,0.0030986,0.0025866,0.065942,0.012369,0.031488,-0.029579,0.98647,91,109,91,432,2,2,2,1.5
36,-0.0071528,0.99934,0.98906,0.092987,0.98262,0.085486,-0.080665,-13.913,252.57,-0.065996,2.1677,0.039371,20.19,13.644,2.1796,41.482,0.097376,-0.093047,2.6135,1.3311,0.78727,0.42517,0.038493,0.084766,0.12578,0.15808,0.13552,0.1476,0.30976,3.4352,0.53159,0.13108,0.31211,0.61921,0.83453,0.93549,6.7993,0.30202,0.60881,0.60881,0.63322,0.95878,0.31436,2.8456,3.7706,235,54.498,8157,2.9802e+05,14.111,207.93,65256,14696,3352,0.90995,0.93782,0.11484,0.080406,0.073104,0.4383,12385,7922.8,0.00018586,8.7836e-05,0,0.035648,0,0.031944,0.014774,0.0094184,0.02853,0.010398,0.10536,1.2289,0.89048,0.19337,0.52209,0.28454,0.277,0.58212,0.14088,0.27968,0.59155,0.12877,1.5459,2.2764,10260,22263,20218,0.38947,0.42188,0.19718,0.61406,0.65192,0.16522,0.7481,0.77864,0.14205,0.83825,0.86172,0.12622,0.89275,0.90963,0.11373,0.017769,0.019351,0.17296,0.10176,0.16377,0.072887,0.079223,0.086957,0.10125,0.13681,0.19635,0.16043,0.15261,0.16437,0.080674,0.15472,0.23095,0.18318,0.0039102,0.0050605,0.071437,0.014986,0.013407,0.060604,0.0089624,0.010799,0.075065,0.022162,0.019334,0.060731,0.016787,0.019707,0.081472,0.031495,0.030328,0.068965,0.0070403,0.008532,0.092559,0.024116,0.023344,0.055818,0.013683,0.016382,0.088639,0.030807,0.02984,0.070484,0.02275,0.027416,0.089369,0.039003,0.038536,0.09279,0.00046094,0.00041834,0.075059,0.0062044,0.014995,-0.0085847,0.0015709,0.0014213,0.08132,0.010429,0.022976,-0.011915,0.0027043,0.0024292,0.069212,0.011309,0.029827,-0.015581,1.0215,91,109,91,432,2,2,2,1.5
36,-0.0040529,0.97803,0.97559,0.14881,0.97253,0.15715,0.056023,17.723,350.86,0.016329,1.7208,0.061267,22.031,14.52,2.2917,98.647,0.23157,-0.14886,3.1569,1.497,0.79824,0.41171,0.024545,0.064955,0.13642,0.163,0.15862,0.15519,0.29727,10.869,1.3363,0.029716,0.3499,0.68437,0.85005,0.94052,15.06,0.20119,0.63471,0.63471,0.48871,0.52994,0.31069,2.8064,3.6034,193,77.99,12132,7.6856e+05,13.555,186.64,97056,7872,6720,0.90772,0.93375,0.18604,0.13547,0.13032,1.4872,25455,14226,0.00026606,0.00014756,0,0.041432,0,0.040698,0.030189,0.015686,0.045776,0.022914,0.49251,0.19591,0.095611,0.18064,0.526,0.29335,0.2247,0.58614,0.18916,0.22806,0.59813,0.17382,2.4524,2.3468,14049,34727,33788,0.27968,0.29692,0.15752,0.48249,0.50984,0.14443,0.6345,0.66249,0.13404,0.74263,0.77055,0.1244,0.82241,0.84609,0.11656,0.011638,0.011601,0.12603,0.065774,0.12447,-0.0019161,0.058684,0.061744,0.083436,0.098295,0.15846,0.066742,0.12654,0.13208,0.07442,0.1268,0.19973,0.082765,0.001876,0.0020841,0.038131,0.0045858,0.0043658,0.015052,0.0051371,0.0055923,0.047868,0.010002,0.0091211,0.018276,0.010888,0.011873,0.058789,0.017989,0.018585,0.026248,0.0026881,0.0026216,0.039317,0.005627,0.0065145,-0.0036771,0.0055285,0.0053419,0.039844,0.007815,0.009305,-0.0068435,0.0091016,0.0085956,0.039778,0.009757,0.012101,-0.014021,0.00043444,0.00036031,0.078704,0.006046,0.013079,-0.012906,0.0015754,0.0013006,0.090732,0.011053,0.021859,-0.020366,0.0034831,0.0029081,0.099175,0.016692,0.031448,-0.027177,0.97955,91,109,91,432,2,2,2,1.5
36,-0.019492,0.71024,0.70991,-0.53707,0.67184,-0.66144,0.23157,0.16323,2.3388,0.10425,2.8845,0.00060899,3.3111,3.4383,0.92309,4.4254,0.010388,0.53724,1.0124,0.53847,0.31149,0.1703,0.06727,0.075207,0.33909,0.15776,0.11592,0.094794,0.14996,0.93801,1.6264,0.16652,0.23756,0.49931,0.70864,0.84918,5.0256,0.21802,0.12662,0.21802,0.61265,0.91254,0.29973,0.89899,0.3725,239,43.276,5597,1.4785e+05,13.203,185.5,44776,16192,2960,0.9099,0.93758,0.050207,0.035914,0.022184,0.2343,6152,3938.7,0.00014745,5.2965e-05,0,0.027885,0,0.029451,0.0051966,0.0011188,0.0073689,0.00082476,0.46816,0.83706,0.63031,0.23389,0.49412,0.27199,0.4209,0.48517,0.093922,0.45158,0.46635,0.082065,1.2657,2.1759,24581,51570,50474,0.31954,0.33491,0.1398,0.47578,0.48169,0.11062,0.57373,0.57369,0.094144,0.64954,0.64615,0.084519,0.7075,0.70214,0.077887,0.015073,0.015883,0.1268,0.078366,0.14222,0.033022,0.063919,0.066512,0.070592,0.096769,0.16221,0.051864,0.12518,0.12865,0.057183,0.1098,0.19309,0.051645,0.0047872,0.0054076,0.075579,0.018172,0.013637,0.025512,0.010947,0.012892,0.079232,0.026686,0.022299,0.051008,0.020384,0.02369,0.08549,0.037423,0.034179,0.061619,0.0049531,0.0051692,0.056274,0.014024,0.013807,0.0084212,0.009638,0.010449,0.053954,0.017821,0.01878,0.021863,0.016982,0.018544,0.057649,0.024532,0.025588,0.031831,0.0016418,0.0018109,0.23103,0.025556,0.029799,0.013475,0.0046693,0.0052542,0.20888,0.034644,0.044291,0.023845,0.0088773,0.0098401,0.19634,0.043606,0.057579,0.026929,1.0878,91,109,91,432,2,2,2,1.5
36,-0.033848,0.84643,0.84477,-0.39149,0.75084,-0.52204,0.33345,0.31683,3.9493,-0.0043274,2.6141,0.002073,3.042,2.7644,1.2053,3.8049,0.0089316,0.39325,1.491,0.73922,0.3352,0.15327,0.018242,0.066523,0.30751,0.17619,0.17664,0.11995,0.13494,33.277,2.2571,0.14198,0.31099,0.66433,0.7767,0.8466,38.275,0.10088,0.22488,0.22488,0.54707,0.99171,0.40175,1.1103,0.6077,247,37.162,6023,1.518e+05,14.79,226.37,48184,8224,4992,0.9105,0.9383,0.032671,0.023718,0.0013103,0.17618,8280.3,4113.8,0.00011861,4.742e-05,0,0.04039,0,0.031958,2.619e-05,0.0020112,0.00030759,0.0015191,0.091798,0.28826,0.3156,0.24427,0.48465,0.27108,0.45678,0.46042,0.082801,0.50691,0.42413,0.068964,1.4968,2.1686,36728,77065,76067,0.30716,0.31176,0.12412,0.44553,0.43663,0.095681,0.53552,0.51864,0.081165,0.60931,0.58726,0.073232,0.66938,0.64331,0.068064,0.016424,0.017384,0.12761,0.083022,0.14239,0.033819,0.067656,0.07051,0.069014,0.10003,0.16092,0.049777,0.1298,0.13377,0.054768,0.11093,0.18926,0.053013,0.0056802,0.0073595,0.082832,0.02162,0.018727,0.059038,0.013548,0.017258,0.090576,0.033326,0.028575,0.080312,0.02496,0.031013,0.096691,0.045944,0.042052,0.092771,0.0053105,0.0056864,0.055728,0.014845,0.01351,0.013609,0.011944,0.01347,0.06176,0.023019,0.021201,0.034257,0.021157,0.02445,0.066341,0.031682,0.030426,0.054684,0.0025708,0.003185,0.33415,0.039505,0.043235,0.036761,0.0075009,0.0089974,0.30994,0.055184,0.060626,0.043713,0.013626,0.015791,0.27836,0.066343,0.073908,0.044202,1.0562,91,109,91,432,2,2,2,1.5
36,-0.021301,0.68537,0.663,-0.57919,0.63623,-0.46282,-0.20092,-0.898,5.2142,-0.054767,2.7747,0.0010016,3.7356,4.0738,0.83701,6.0573,0.014219,0.57997,1.169,0.64526,0.38101,0.23397,0.12199,0.068121,0.19755,0.16675,0.13213,0.098031,0.21542,0.046659,3.9297,0.037586,0.18287,0.48943,0.67953,0.88385,6.2496,0.59845,0.30482,0.59845,0.55557,0.66555,0.28744,0.93211,0.40161,219,35.689,4825,1.0879e+05,14.056,203.59,38600,6216,1704,0.9122,0.94086,0.058684,0.040431,0.034407,0.27128,8456.2,4269.1,0.00020839,7.1071e-05,0,0.026962,0,0.027707,0.0051707,0.010673,0.0079265,0.02347,0.26789,0.072531,0.055968,0.20071,0.51462,0.28467,0.33421,0.57096,0.09483,0.33674,0.57572,0.087541,1.3271,2.2774,15449,26943,24926,0.52989,0.5888,0.18861,0.70215,0.74617,0.13282,0.78725,0.81851,0.1051,0.83887,0.86265,0.088805,0.87598,0.89465,0.078456,0.024231,0.027023,0.16583,0.11987,0.17962,0.11991,0.1048,0.11421,0.094161,0.1599,0.21495,0.18852,0.18216,0.19222,0.067699,0.16217,0.23935,0.15972,0.003764,0.0039315,0.048346,0.01189,0.0079746,0.0093295,0.0087468,0.0089431,0.051506,0.017931,0.012889,0.0067319,0.016056,0.01594,0.054785,0.024834,0.021353,-0.0028615,0.0053491,0.0048824,0.049442,0.014059,0.011347,-0.020828,0.010449,0.0097335,0.047587,0.017994,0.015424,-0.021711,0.016631,0.015694,0.045932,0.021453,0.019866,-0.022037,0.00066193,0.0005879,0.075782,0.0082218,0.01759,-0.011827,0.0021431,0.0018867,0.077999,0.012871,0.027044,-0.018389,0.0041499,0.0035957,0.074671,0.016437,0.036244,-0.026612,0.92367,91,109,91,432,2,2,2,1.5
36,-0.0069634,0.25892,0.27193,-0.8529,0.22918,-1.1911,0.39648,0.42342,3.2187,0.05847,2.8183,7.1735e-05,1.9629,3.6347,0.29031,4.81,0.011291,0.85428,0.48082,0.23602,0.13218,0.07333,0.16905,0.20032,0.26849,0.14917,0.082762,0.054014,0.0762,0.0029922,0.023192,0.00012066,0.073348,0.19474,0.39565,0.64862,1.3387,0.051293,0.13429,0.13429,0.1645,0.17817,0.11365,0.45751,0.10311,193,55.202,7235,2.7699e+05,13.233,180.45,57880,6336,4984,0.90957,0.93708,0.17548,0.13246,0.084446,0.63006,21938,10931,0.00023739,0.00011254,0,0.039552,0,0.033625,0.002155,0.014608,0.0014017,0.027585,0.21156,0.099349,0.4773,0.22581,0.51374,0.26045,0.36355,0.57281,0.063638,0.40894,0.54309,0.047975,2.9469,2.0836,32953,76512,75828,0.33764,0.37338,0.14264,0.53099,0.56269,0.11922,0.66403,0.69285,0.10522,0.76608,0.79286,0.09626,0.83806,0.86094,0.089091,0.0069859,0.0065605,0.056746,0.029494,0.093076,-0.024712,0.044017,0.044036,0.046942,0.056424,0.12086,0.00041472,0.098895,0.098362,0.043625,0.076022,0.15448,-0.0075122,0.0015381,0.0011841,0.02345,0.0023485,-0.00018931,-0.022837,0.005305,0.004642,0.037078,0.0091471,0.0047703,-0.021241,0.012471,0.011918,0.050508,0.019076,0.0153,-0.010813,0.0028241,0.0023504,0.030983,0.0053955,0.0062318,-0.019966,0.0061367,0.0052447,0.033174,0.0083422,0.0090742,-0.024203,0.010594,0.0094987,0.034731,0.011397,0.013092,-0.02201,0.00014978,0.00011008,0.020353,0.00053397,0.0099975,-0.010192,0.00063607,0.00048656,0.027477,0.0021125,0.017433,-0.013853,0.0013465,0.0010569,0.028758,0.0031605,0.024765,-0.017092,0.79398,91,109,91,432,2,2,2,1.5
36,-0.0045913,0.30196,0.31116,-0.82953,0.28223,-1.0825,0.30491,0.38556,2.7451,0.12137,2.8674,0.00016062,2.0593,3.5846,0.32852,4.6668,0.010955,0.8344,0.55638,0.2725,0.14459,0.081839,0.20795,0.1748,0.2288,0.15575,0.095433,0.055066,0.082202,0.039303,0.080158,0.010471,0.11501,0.29801,0.42428,0.6819,1.6491,0.080273,0.15614,0.15614,0.27597,0.29368,0.17469,0.48853,0.1125,165,58.121,8258,4.1244e+05,12.693,162.41,66064,2264,1040,0.91133,0.939,0.20277,0.15272,0.10271,0.73631,21334,11568,0.00022947,0.00012261,0,0.027696,0,0.028835,0.0070943,0.0024018,0.010724,0.00060634,0.40616,0.499,0.35498,0.21006,0.52031,0.26963,0.33339,0.60003,0.066584,0.36907,0.58334,0.04759,2.826,2.1571,22238,48340,47342,0.28083,0.30358,0.10634,0.44973,0.47253,0.090502,0.5798,0.60212,0.082343,0.687,0.70707,0.07737,0.76575,0.78296,0.072961,0.0074099,0.0066916,0.053947,0.030254,0.093503,-0.040058,0.046077,0.045862,0.044042,0.057156,0.12162,-0.004491,0.10401,0.10602,0.041123,0.077773,0.1582,0.027597,0.00046849,0.00041298,0.0064016,-0.0026067,-0.0029055,-0.0096765,0.0033163,0.003437,0.020775,0.0029612,0.002604,0.0056506,0.010472,0.011911,0.038011,0.013817,0.015533,0.032573,0.0028661,0.0022285,0.028183,0.0052603,0.0066531,-0.026767,0.0057208,0.0045585,0.027718,0.0068612,0.0081799,-0.033035,0.009339,0.0075657,0.027439,0.0084183,0.010445,-0.038439,0.00043274,0.00039136,0.052704,0.0049133,0.01465,-0.0053448,0.0013847,0.0011857,0.053614,0.0076031,0.021837,-0.012441,0.0029906,0.002455,0.057245,0.011183,0.028931,-0.021951,0.77942,91,109,91,432,2,2,2,1.5
36,-0.015586,0.9493,0.95564,-0.20529,0.90391,-0.15753,-0.23266,-9.702,148.3,-0.0087692,2.3067,0.029535,17.139,13.581,1.5851,41.623,0.097706,0.20536,1.7143,0.9731,0.57122,0.334,0.092136,0.085975,0.14805,0.14766,0.13831,0.12075,0.26713,0.085369,0.73005,0.039568,0.25524,0.61093,0.7883,0.92528,3.4347,0.3769,0.44261,0.44261,0.4572,0.64063,0.25845,1.6727,1.2346,172,77.89,12627,9.2549e+05,12.996,169.93,1.0102e+05,1168,696,0.91063,0.93854,0.18418,0.12625,0.14175,0.62143,20842,13872,0.00019781,0.0001308,0,0.027699,0,0.032137,0.0078464,0.0062276,0.02035,0.013023,0.010895,1.2934,0.88402,0.17734,0.52788,0.29478,0.22507,0.61465,0.16028,0.2283,0.62232,0.14938,2.1963,2.3583,8423.2,17184,13974,0.31906,0.34238,0.16201,0.53459,0.56437,0.14427,0.68193,0.70929,0.12988,0.79036,0.81305,0.11937,0.86088,0.87866,0.11,0.015451,0.016582,0.15085,0.086971,0.15168,0.06457,0.067916,0.073369,0.087057,0.11291,0.17664,0.14549,0.13989,0.14894,0.074174,0.13803,0.21707,0.17511,0.0030012,0.0033232,0.054995,0.010245,0.0066766,0.024156,0.0076915,0.0085761,0.064616,0.017974,0.013537,0.038897,0.01601,0.017771,0.077932,0.029633,0.026199,0.052482,0.0083421,0.010425,0.11,0.02978,0.028493,0.087411,0.015853,0.0193,0.10301,0.037093,0.034852,0.10004,0.024856,0.029674,0.097938,0.043664,0.041586,0.10975,0.00039783,0.00031358,0.064977,0.0050724,0.01322,-0.019913,0.0013376,0.001098,0.06945,0.0084166,0.021046,-0.025548,0.0026453,0.0022353,0.067905,0.010985,0.029074,-0.029009,0.89798,91,109,91,432,2,2,2,1.5
36,-0.0014195,0.37716,0.37663,-0.78898,0.3731,-0.86538,0.096824,-0.0024553,2.5522,0.044616,2.8865,0.00036409,2.2714,3.5116,0.41646,4.4631,0.010477,0.79081,0.68955,0.35248,0.21273,0.11991,0.19638,0.15958,0.19702,0.16157,0.093322,0.074861,0.11727,0.040662,0.083968,0.060529,0.15683,0.31032,0.57563,0.78157,2.0095,0.094062,0.17409,0.17409,0.26257,0.27701,0.17358,0.55855,0.15496,145,79.986,5554,2.5707e+05,9.2955,96.548,44432,17448,7944,0.91032,0.93662,0.18524,0.13871,0.092399,0.65678,18432,11500,0.00021309,0.00011906,0,0.029702,0,0.028339,0.013705,0.015772,0.025276,0.025197,0.15814,0.25637,0.71381,0.23043,0.51216,0.25741,0.37682,0.56906,0.05412,0.42652,0.53413,0.039354,2.8393,2.0593,11885,27238,26005,0.34128,0.37262,0.14881,0.5488,0.57601,0.12717,0.68942,0.71621,0.11275,0.78938,0.81314,0.10237,0.85932,0.88004,0.094283,0.0084306,0.0076187,0.070679,0.038592,0.10022,-0.039842,0.046656,0.045165,0.051353,0.062544,0.12468,-0.031133,0.10662,0.10435,0.048545,0.08677,0.16219,-0.031768,0.00051133,0.00043782,0.0080458,-0.0025926,-0.002746,-0.009402,0.0023943,0.0023411,0.017272,0.00034661,0.00020909,-0.002949,0.0080731,0.0089871,0.033745,0.0093941,0.011069,0.025694,0.0025316,0.0020404,0.028666,0.0043129,0.005731,-0.023956,0.0055454,0.004606,0.030939,0.0069042,0.0083157,-0.028657,0.0098484,0.0082635,0.033321,0.010073,0.011811,-0.035642,7.6267e-05,5.0039e-05,0.010696,-0.0006876,0.010301,-0.010579,0.00032565,0.00022035,0.014519,-0.00034986,0.015313,-0.014343,0.00080475,0.00055026,0.017739,0.00031093,0.020372,-0.021124,0.79247,91,109,91,432,2,2,2,1.5
36,-0.015077,0.86193,0.85743,-0.37494,0.83531,-0.43516,0.1606,0.22097,2.4378,0.11805,2.882,0.00030181,3.7168,3.3335,1.2375,4.4878,0.010535,0.37679,1.3501,0.6622,0.37304,0.2046,0.049461,0.075492,0.27975,0.18248,0.13129,0.10553,0.176,2.1356,1.228,0.1168,0.34387,0.5864,0.75759,0.88904,6.0573,0.11362,0.16679,0.16679,0.30468,0.36054,0.21783,1.1326,0.63394,241,41.158,6136,1.6102e+05,14.615,221.46,49088,6208,5808,0.91,0.93803,0.051115,0.036378,0.027143,0.23581,7108.5,3914.5,0.00012602,4.8789e-05,0,0.03145,0,0.031222,0.016423,0.008528,0.029689,0.015813,0.014039,0.05082,0.14516,0.23411,0.49442,0.27147,0.42664,0.48548,0.087885,0.46111,0.46314,0.075747,1.3012,2.1717,17718,35920,34887,0.33039,0.33925,0.14256,0.48194,0.48428,0.11051,0.57615,0.57447,0.093241,0.64928,0.64606,0.083323,0.7107,0.70448,0.077163,0.017212,0.018849,0.1428,0.09051,0.15328,0.062343,0.07061,0.074629,0.076909,0.10922,0.17212,0.075905,0.13382,0.13864,0.060292,0.11962,0.20084,0.069096,0.0051659,0.0060834,0.080436,0.019871,0.014836,0.037186,0.012066,0.014874,0.086129,0.02992,0.024874,0.072053,0.02336,0.028458,0.096624,0.043884,0.039843,0.091699,0.0070484,0.008469,0.078977,0.022263,0.022206,0.047057,0.013658,0.015958,0.075406,0.028333,0.027929,0.053332,0.022838,0.026599,0.076464,0.036134,0.035913,0.066315,0.0019369,0.0020639,0.26882,0.03029,0.032675,0.01007,0.0061049,0.0067489,0.26935,0.045885,0.051821,0.023488,0.011214,0.012511,0.24461,0.055745,0.066335,0.032593,1.0739,91,109,91,432,2,2,2,1.5
36,-0.0036158,0.36006,0.36366,-0.79718,0.34692,-0.96822,0.21456,0.092282,2.7049,-0.041499,2.8668,0.00012985,2.6641,4.2294,0.39498,5.48,0.012864,0.80111,0.62517,0.31013,0.17959,0.10748,0.17888,0.15971,0.2452,0.16009,0.091395,0.059721,0.10501,0.015382,0.080848,6.4645e-07,0.14506,0.30951,0.48936,0.76346,1.8036,0.14123,0.16851,0.16851,0.21224,0.21914,0.14306,0.5447,0.14853,189,50.434,2724,1.0046e+05,7.5706,59.681,21792,20296,18280,0.9118,0.93951,0.19453,0.14072,0.11431,0.71166,15847,9849,0.00017718,9.8292e-05,0,0.027155,0,0.028595,0.0026209,0.01189,0.0087553,0.023914,0.28557,0.096546,0.65649,0.22952,0.50784,0.26264,0.41564,0.54263,0.041729,0.45839,0.5111,0.030506,2.7268,2.1011,13408,26394,24978,0.31379,0.34415,0.12271,0.48987,0.51734,0.10181,0.61446,0.63838,0.090125,0.71645,0.73766,0.083332,0.79668,0.81497,0.078397,0.0057604,0.0052896,0.043313,0.02144,0.0941,-0.034797,0.035943,0.034728,0.035482,0.039183,0.11429,-0.035483,0.083241,0.081058,0.03399,0.054861,0.14751,-0.041117,0.0010164,0.00083156,0.014343,-0.00013596,-0.00094012,-0.018954,0.0037262,0.0031389,0.024108,0.0042024,0.0025147,-0.028048,0.0098506,0.0091587,0.036928,0.012709,0.012114,-0.019303,0.0010445,0.00078588,0.010607,-0.0015485,0.0010721,-0.020973,0.0022094,0.0017167,0.011056,-0.0018639,0.0016821,-0.027962,0.0042526,0.0033549,0.012905,-0.0011703,0.0037252,-0.035932,0.00019504,0.00016143,0.024533,0.0012302,0.012041,-0.0080305,0.00092356,0.00076124,0.036931,0.0042191,0.019653,-0.016155,0.002161,0.0017741,0.042722,0.0071652,0.027605,-0.021777,0.76684,91,109,91,432,2,2,2,1.5
36,-0.0022939,0.44722,0.44512,-0.74421,0.4435,-0.78916,0.060406,0.38078,3.0847,0.055174,2.853,5.1242e-06,2.4617,3.4582,0.5044,4.6562,0.01093,0.74647,0.71125,0.37982,0.24017,0.14055,0.13972,0.17103,0.23383,0.1538,0.089418,0.077173,0.13503,0.0065701,0.017672,0.0011627,0.15775,0.32821,0.61288,0.81802,1.9423,0.30508,0.17638,0.30508,0.25271,0.28314,0.20934,0.62341,0.19241,154,46.351,3325,1.1231e+05,8.6965,78.801,26600,20144,3128,0.91243,0.94216,0.17765,0.12875,0.090173,0.74367,16333,10025,0.00018541,0.00010832,0,0.027332,0,0.028672,0.0022331,0.0021005,0.002694,0.0025262,0.42452,0.16621,0.64238,0.22151,0.50078,0.27772,0.41445,0.53061,0.054939,0.46568,0.49244,0.041882,2.3591,2.2217,16329,29827,28219,0.31937,0.35624,0.10135,0.47762,0.50905,0.08055,0.58972,0.61676,0.070189,0.68147,0.70488,0.064319,0.75388,0.77271,0.060199,0.0087454,0.0078266,0.05336,0.034447,0.11077,-0.04796,0.043938,0.042112,0.035197,0.048672,0.12543,-0.041851,0.091073,0.087937,0.030177,0.057557,0.15373,-0.049855,0.0015518,0.0012061,0.01777,0.0020875,-0.00037693,-0.022831,0.0043597,0.0037251,0.022888,0.0054382,0.0024719,-0.025378,0.010971,0.010284,0.033376,0.0136,0.011757,-0.016547,0.0019977,0.0015818,0.016462,0.0018528,0.0043224,-0.023903,0.0041562,0.0032474,0.016876,0.0027312,0.0056845,-0.033545,0.0066004,0.0051526,0.016253,0.0029861,0.0079265,-0.041089,0.0010692,0.00090524,0.10913,0.013559,0.019897,-0.014578,0.002898,0.0024518,0.094036,0.017312,0.028987,-0.019973,0.0046343,0.0038625,0.074344,0.017717,0.035894,-0.02588,0.75577,91,109,91,432,2,2,2,1.5
36,-0.0083189,0.80698,0.79656,-0.44899,0.7887,-0.49359,0.09933,-0.1263,4.5502,0.039135,2.8246,0.00048011,4.818,4.5861,1.0986,6.3653,0.014942,0.44919,1.3994,0.61259,0.36126,0.19897,0.089573,0.092177,0.20367,0.21428,0.12065,0.10478,0.17487,0.21137,0.62715,0.00090199,0.39659,0.5243,0.74651,0.87987,3.3867,0.27226,0.18889,0.27226,0.3029,0.31138,0.18564,1.0263,0.5192,210,43.333,4869,1.3198e+05,11.961,152.92,38952,16240,2184,0.91147,0.94015,0.099957,0.071028,0.043275,0.48892,9539,5297.8,0.00018399,7.032e-05,0,0.033726,0,0.034752,0.0015907,0.013075,0.00092802,0.020152,0.60594,1.8582,1.6231,0.23344,0.49045,0.2761,0.44263,0.47611,0.081262,0.4859,0.44885,0.065243,1.7824,2.2088,11990,23765,22790,0.39909,0.44165,0.15741,0.55559,0.58958,0.11646,0.64206,0.668,0.09498,0.70293,0.72253,0.082459,0.7484,0.76262,0.074276,0.017987,0.018874,0.1364,0.090864,0.15054,0.034592,0.0789,0.083785,0.078555,0.11989,0.17912,0.09115,0.14973,0.15671,0.061662,0.13289,0.2108,0.099261,0.0057298,0.0064984,0.081552,0.021584,0.015613,0.029174,0.013057,0.015457,0.085196,0.031481,0.025396,0.057378,0.023788,0.029059,0.089941,0.042851,0.040105,0.090966,0.0055433,0.005127,0.056777,0.015549,0.012927,-0.015527,0.011241,0.010848,0.056733,0.020961,0.018104,-0.00992,0.019189,0.018891,0.058726,0.027513,0.024722,-0.005653,0.0014512,0.0016665,0.1841,0.021214,0.025852,0.019787,0.0050548,0.0057967,0.20386,0.035813,0.043524,0.030131,0.01043,0.01163,0.20795,0.049267,0.059394,0.031654,0.93814,91,109,91,432,2,2,2,1.5
36,-0.0092285,0.94201,0.93425,-0.25215,0.93215,-0.26412,0.047451,-0.18671,3.1492,-0.060432,2.8288,6.4374e-05,3.7307,3.0582,1.4813,4.1488,0.009739,0.25356,1.7006,0.86701,0.47245,0.2602,0.055979,0.066951,0.22409,0.17144,0.14883,0.11861,0.2141,1.1789,1.8732,0.032812,0.33418,0.62776,0.78582,0.90824,5.7409,0.19582,0.16168,0.19582,0.61557,0.62477,0.32894,1.322,0.86048,227,33.568,4002,78159,12.991,180.61,32016,10080,3528,0.91282,0.94158,0.041142,0.028277,0.021398,0.22778,8900.3,4794,0.0001496,6.1811e-05,0,0.027419,0,0.030728,0.013312,0.009579,0.021558,0.018383,0.19679,0.4652,0.43515,0.22338,0.49205,0.28457,0.42795,0.47673,0.095315,0.46378,0.45351,0.082709,1.4249,2.2765,16968,30240,28677,0.34957,0.35422,0.12788,0.49984,0.49752,0.097178,0.59435,0.58831,0.08155,0.67041,0.6605,0.072944,0.73283,0.72299,0.067459,0.018756,0.019278,0.13193,0.091661,0.15639,0.021056,0.073294,0.074492,0.067684,0.10528,0.17338,0.024616,0.13834,0.1397,0.052844,0.11509,0.20376,0.021256,0.0051781,0.0059508,0.068358,0.018329,0.013398,0.036069,0.012186,0.014506,0.073749,0.027852,0.021811,0.06552,0.022531,0.026421,0.079015,0.038635,0.033578,0.078441,0.0067637,0.007632,0.064254,0.019432,0.019145,0.034181,0.013981,0.015963,0.065445,0.026842,0.025561,0.050636,0.023317,0.026637,0.066189,0.034115,0.032401,0.064825,0.0018814,0.0020829,0.22138,0.027005,0.031108,0.017391,0.0056581,0.0062956,0.21165,0.038909,0.046625,0.027151,0.010851,0.011905,0.20068,0.049488,0.060256,0.030345,0.95986,91,109,91,432,2,2,2,1.5
36,-0.009187,0.29946,0.31478,-0.82734,0.26403,-1.1595,0.40153,0.29162,3.2305,0.12029,2.8498,1.09e-05,1.9864,3.3792,0.34394,4.2884,0.010067,0.82758,0.55221,0.23698,0.13254,0.066901,0.15162,0.19427,0.25596,0.18374,0.083431,0.060798,0.070179,0.0076242,0.037792,0.00026236,0.17745,0.22607,0.46884,0.63101,1.549,0.15864,0.12372,0.15864,0.4008,0.60096,0.24708,0.50251,0.12494,201,44.99,3755,91908,10.184,116.71,30040,13360,9848,0.91061,0.93908,0.18523,0.13559,0.098094,0.68795,20916,11567,0.00021209,0.0001158,0,0.028293,0,0.027401,0.0032734,0.010968,0.0075531,0.014775,0.18395,0.11517,0.4768,0.22305,0.51125,0.26569,0.38968,0.55333,0.056998,0.42426,0.5323,0.043438,2.757,2.1256,22178,44962,43911,0.2862,0.28328,0.11097,0.45432,0.44661,0.093622,0.57104,0.56212,0.083047,0.66604,0.65584,0.076811,0.73552,0.72479,0.071765,0.0086524,0.0076339,0.064506,0.037606,0.10521,-0.053305,0.044799,0.042204,0.043849,0.055474,0.12596,-0.057971,0.098769,0.094873,0.039989,0.072636,0.15961,-0.059151,0.0014861,0.0012664,0.020794,0.0020106,0.0011031,-0.017189,0.0052238,0.004729,0.03351,0.008522,0.0064451,-0.017887,0.011546,0.010862,0.042917,0.016283,0.015699,-0.015527,0.0022166,0.0018306,0.022319,0.002876,0.0051849,-0.020216,0.003946,0.0032142,0.019578,0.0024963,0.0057094,-0.027063,0.0059236,0.0047679,0.017823,0.0020167,0.0068799,-0.034763,0.0013148,0.0012393,0.16398,0.018881,0.024046,-0.0069719,0.0052796,0.0054774,0.20933,0.037207,0.044083,0.007444,0.01236,0.013415,0.24227,0.058578,0.065912,0.023714,0.77731,91,109,91,432,2,2,2,1.5
36,-0.00091244,0.97369,0.97263,-0.15848,0.97185,-0.16295,0.028201,-0.022221,2.74,-0.016022,2.8589,0.0004261,3.6787,2.8408,1.6692,3.7143,0.0087189,0.15929,2.0327,1.0598,0.54508,0.27738,0.054091,0.063168,0.18303,0.16259,0.16884,0.1416,0.22669,1.4465,2.1818,0.00030114,0.28736,0.66615,0.81372,0.9079,6.3037,0.28255,0.20314,0.28255,0.33552,0.6509,0.25032,0.80411,0.69641,223,30.529,1403,18914,7.248,61.739,11224,8240,6712,0.91115,0.94153,0.034486,0.024081,0.014935,0.21221,6130.4,3812,0.00011186,4.6003e-05,0,0.03583,0,0.043323,0.0064392,0.0046901,0.019568,0.0082387,0.18781,0.44906,0.5386,0.21562,0.4939,0.29049,0.39925,0.49349,0.10726,0.43555,0.47292,0.091531,1.3359,2.3239,15329,27094,26150,0.32981,0.34396,0.11083,0.47891,0.48497,0.085526,0.57542,0.57605,0.072523,0.65307,0.64807,0.065271,0.71107,0.70215,0.060125,0.02055,0.022532,0.13277,0.097178,0.16196,0.06718,0.079353,0.08423,0.067312,0.11132,0.17678,0.084232,0.14539,0.15162,0.051014,0.11785,0.20318,0.08247,0.0056448,0.007904,0.068451,0.019539,0.016997,0.088861,0.012895,0.017291,0.071687,0.02859,0.025051,0.10742,0.023502,0.030126,0.075706,0.038939,0.036721,0.1167,0.0043151,0.0049163,0.037655,0.01003,0.011066,0.027153,0.0098128,0.011861,0.042193,0.015996,0.017225,0.056194,0.017479,0.021371,0.045576,0.022339,0.024457,0.079274,0.0033072,0.0044108,0.35746,0.046776,0.049644,0.065567,0.0097478,0.012112,0.33494,0.06609,0.068281,0.067634,0.017185,0.020464,0.29194,0.077117,0.081969,0.066019,0.954,91,109,91,432,2,2,2,1.5
36,-0.0070885,0.29805,0.29481,-0.83935,0.28749,-0.97158,0.15754,-0.18065,2.7483,-0.063766,2.8777,6.6589e-05,1.6747,2.9523,0.32028,3.784,0.0088827,0.83947,0.4909,0.26652,0.17026,0.11598,0.19169,0.20081,0.25058,0.12881,0.070406,0.045046,0.11266,0.015428,0.013082,0.0019118,0.033574,0.14331,0.32728,0.75194,1.2865,0.080539,0.063502,0.080539,0.25057,0.42491,0.17074,0.48207,0.11291,209,33.967,2223,41578,9.1508,90.469,17784,14440,5160,0.91377,0.94206,0.10835,0.076577,0.055408,0.51952,15518,7959.8,0.00018688,8.3173e-05,0,0.030618,0,0.031208,0.0061475,0.0098605,0.015083,0.013944,0.05472,0.04595,0.42981,0.21556,0.50571,0.27873,0.40158,0.5378,0.060622,0.43299,0.51953,0.047486,2.3565,2.2299,19995,35319,34249,0.30715,0.33312,0.10053,0.5022,0.52665,0.087351,0.63985,0.66296,0.078545,0.74325,0.76353,0.07235,0.8193,0.83765,0.067474,0.006706,0.0065478,0.042199,0.024468,0.10343,-0.010499,0.04134,0.0415,0.034154,0.045007,0.12453,0.0043251,0.094563,0.095456,0.032316,0.062179,0.15936,0.016012,0.00098253,0.00084191,0.011604,-0.00026609,-0.0013277,-0.013223,0.0032123,0.0029653,0.017393,0.0024738,0.0013797,-0.012329,0.0078261,0.0074901,0.024554,0.0076368,0.0088111,-0.010076,0.00093133,0.00074295,0.0079156,-0.0018062,-0.0005551,-0.016865,0.0019971,0.0015841,0.0083635,-0.0021914,0.00049712,-0.023957,0.0037956,0.0031125,0.0096393,-0.0018679,0.0027192,-0.028267,0.00045938,0.00035579,0.048359,0.0049488,0.014588,-0.013294,0.0010469,0.0008056,0.035036,0.0047127,0.021452,-0.019864,0.0018694,0.0014261,0.030931,0.0051973,0.027765,-0.025847,0.78441,91,109,91,432,2,2,2,1.5
36,-0.011567,0.93234,0.9176,-0.28333,0.91531,-0.29747,0.049921,0.29738,6.954,-0.030478,2.6929,0.0035169,7.1176,5.9495,1.4246,8.5307,0.020025,0.2841,2.0039,0.92905,0.4442,0.22958,0.083146,0.11396,0.10375,0.1944,0.1824,0.12666,0.19569,0.19224,0.13938,0.62371,0.38221,0.688,0.79664,0.90034,3.7225,0.29825,0.27787,0.29825,0.46899,0.51406,0.29349,1.3048,0.78807,258,20.888,1243,16237,7.9817,67.657,9944,8496,8328,0.9118,0.94273,0.010706,0.0073359,0.0077452,0.092216,4948.5,3279,0.00013145,4.4334e-05,0,0.023447,0,0.03034,0.0080279,0.0065329,0.020867,0.017358,0.27653,0.35647,0.074995,0.20118,0.50161,0.29721,0.35183,0.53114,0.11703,0.37291,0.52405,0.10304,1.2556,2.3777,20735,34375,33447,0.47508,0.51824,0.14799,0.66324,0.70662,0.1098,0.75954,0.79504,0.088738,0.81843,0.84613,0.075824,0.85989,0.88121,0.0674,0.026374,0.03011,0.15796,0.12282,0.18547,0.11485,0.098812,0.10732,0.077697,0.1395,0.20034,0.13521,0.17196,0.18144,0.05593,0.14099,0.22405,0.1196,0.004653,0.0048072,0.052303,0.014748,0.0083783,0.0067687,0.012454,0.014116,0.064182,0.026371,0.018295,0.042794,0.025274,0.03027,0.07547,0.040867,0.033731,0.086796,0.01118,0.013967,0.090434,0.032809,0.029221,0.075672,0.0223,0.029028,0.088882,0.043402,0.039637,0.12186,0.035358,0.046746,0.085463,0.051968,0.048944,0.16066,0.0018966,0.0019234,0.19002,0.025109,0.026477,0.0021352,0.0056958,0.0057104,0.18142,0.036122,0.040269,0.00054625,0.0098791,0.009915,0.15557,0.041228,0.051625,0.00094566,0.90998,91,109,91,432,2,2,2,1.5
36,-0.0095028,0.40781,0.4013,-0.77315,0.39878,-0.71186,-0.079278,-0.017628,2.6622,0.032832,2.8846,0.00015263,2.9467,4.3793,0.45068,5.5718,0.013079,0.77392,0.60482,0.37024,0.26047,0.15821,0.17478,0.15234,0.25638,0.11789,0.070238,0.077413,0.15096,0.0068289,0.17426,0.0015587,0.024071,0.1633,0.59227,0.83293,1.7952,0.40875,0.20158,0.40875,0.42475,0.76875,0.31239,0.58581,0.16887,232,23.75,1667,24421,9.7515,100.43,13336,13072,3632,0.91241,0.94285,0.10146,0.070482,0.053686,0.50341,13654,5620.2,0.00017826,7.1509e-05,0,0.037607,0,0.035658,0.0027755,0.0056356,0.0058292,0.012732,0.020147,0.41319,0.042928,0.19468,0.51859,0.28673,0.32815,0.5831,0.088748,0.32822,0.59389,0.077888,1.8474,2.2938,19676,31960,30547,0.36698,0.37068,0.10874,0.56557,0.57597,0.089067,0.69235,0.70707,0.076948,0.79011,0.80658,0.069635,0.85242,0.86735,0.063559,0.014373,0.014363,0.081892,0.060885,0.13598,-0.00047921,0.072004,0.074936,0.05386,0.092537,0.16644,0.057413,0.14615,0.15499,0.045221,0.11135,0.20466,0.12299,0.0039583,0.0038679,0.042327,0.011611,0.0074513,-0.0040718,0.0087707,0.0088447,0.042997,0.016402,0.011964,0.0022206,0.017088,0.017679,0.04854,0.02456,0.02209,0.012335,0.0087004,0.010037,0.06695,0.023836,0.02188,0.041736,0.018222,0.021784,0.06909,0.0334,0.030727,0.07229,0.030703,0.037738,0.070596,0.042936,0.040799,0.10811,0.0017392,0.0016549,0.16577,0.022317,0.024938,-0.0072494,0.0052103,0.0048667,0.15787,0.032011,0.035522,-0.013159,0.0083717,0.0077477,0.12541,0.033565,0.043387,-0.017618,0.82429,91,109,91,432,2,2,2,1.5
36,-0.02431,0.91951,0.94598,-0.22766,0.82774,-0.14717,-0.35354,-0.15642,3.2035,-0.072208,2.8346,4.1965e-05,4.4786,3.6057,1.5357,4.6871,0.011002,0.22829,1.5135,1.0482,0.64243,0.34423,0.1308,0.072139,0.16262,0.095239,0.12708,0.14231,0.26981,0.0019525,1.8264,0.056634,0.019003,0.53938,0.80513,0.92391,4.1725,0.30493,0.28541,0.30493,0.31304,0.34297,0.23246,1.0831,1.0731,304,17.533,2075,15185,15.296,253.08,16600,2448,2128,0.91273,0.94428,0.03867,0.024991,0.030674,0.25331,5672.5,3820.8,0.00011899,4.6399e-05,0,0.026481,0,0.031066,0.0025053,0.00041054,0.0086885,0.0061962,0.01936,0.1719,0.42705,0.19976,0.49938,0.30085,0.36104,0.51733,0.12163,0.3775,0.50994,0.11256,1.22,2.4068,5007.5,8001.1,6026.9,0.3871,0.40383,0.12946,0.5627,0.57801,0.10002,0.66003,0.67149,0.082794,0.73208,0.74111,0.072822,0.78561,0.79205,0.066115,0.01728,0.017888,0.11112,0.07989,0.15389,0.041952,0.072774,0.074887,0.06144,0.099709,0.1745,0.068767,0.13885,0.14195,0.04849,0.11053,0.20652,0.076274,0.0032258,0.0035061,0.038933,0.0092394,0.0067151,0.024883,0.0080288,0.0087689,0.044424,0.015445,0.01111,0.039278,0.015538,0.016728,0.049816,0.023033,0.01978,0.043835,0.0054127,0.0057434,0.04701,0.013844,0.014658,0.021413,0.01066,0.011148,0.045621,0.017928,0.018416,0.02155,0.017827,0.018809,0.046265,0.022901,0.02388,0.033044,0.0011462,0.0011624,0.1233,0.015051,0.022702,0.0028576,0.0036484,0.0036199,0.12477,0.023053,0.035206,-0.0022587,0.0064924,0.0063957,0.10977,0.02689,0.044637,-0.0053051,0.943,91,109,91,432,2,2,2,1.5
36,-0.0058422,0.42761,0.43492,-0.75105,0.40528,-0.9471,0.26103,-0.15714,3.1949,-0.051507,2.8502,3.3713e-05,2.4573,3.4979,0.49125,4.5237,0.010619,0.75313,0.71299,0.34978,0.19047,0.10857,0.15544,0.16129,0.24103,0.16691,0.10535,0.065934,0.10406,0.00062448,0.044713,0.001888,0.19717,0.39,0.54679,0.77472,1.9559,0.14051,0.16653,0.16653,0.26836,0.34586,0.17551,0.61388,0.1863,173,35.751,5228,1.5752e+05,13.002,170.36,41824,1304,776,0.91273,0.94264,0.12356,0.08723,0.061594,0.61752,22351,8250.8,0.00024954,0.00010149,0,0.035974,0,0.040635,0.0045415,0.0029093,0.0075322,0.0088998,0.072682,0.16046,0.12366,0.19224,0.51484,0.29292,0.31153,0.59537,0.093096,0.32157,0.60368,0.074748,2.2608,2.3434,21319,36192,34922,0.28798,0.29633,0.083619,0.46275,0.47766,0.07141,0.5985,0.61744,0.065181,0.70282,0.72426,0.060696,0.78146,0.80676,0.057097,0.0095875,0.0089313,0.053526,0.037023,0.11163,-0.037075,0.054737,0.055558,0.040121,0.063871,0.13729,0.018454,0.11513,0.11834,0.034906,0.079132,0.17211,0.050708,0.0056253,0.0080546,0.058943,0.01807,0.016417,0.095669,0.015996,0.0224,0.076841,0.034311,0.030436,0.13994,0.032607,0.044009,0.090761,0.052995,0.048432,0.16569,0.0041302,0.0037909,0.031143,0.0087139,0.0094082,-0.014267,0.0088852,0.0084843,0.033012,0.012848,0.012708,-0.011214,0.016313,0.016051,0.036754,0.01883,0.018175,-0.0052661,0.001606,0.0015728,0.14999,0.020274,0.022752,-0.0028437,0.005384,0.0052821,0.15985,0.032821,0.037448,-0.0037794,0.010766,0.010749,0.15803,0.043653,0.051454,-0.00042337,0.77239,91,109,91,432,2,2,2,1.5
36,-0.027544,0.82647,0.87389,-0.35225,0.71225,-0.20075,-0.43008,0.035095,2.7768,0.067015,2.8723,6.9946e-05,4.8167,4.2292,1.2911,5.5978,0.01314,0.35249,1.4186,0.87525,0.5409,0.32626,0.11036,0.12507,0.12313,0.13102,0.12654,0.11486,0.26903,0.051255,0.17313,0.44277,0.13538,0.53081,0.7513,0.9166,3.0013,0.34868,0.28438,0.34868,0.42247,0.43629,0.20741,1.1599,0.65539,329,11.857,381,2042.8,5.9247,41.1,3048,2904,2608,0.91341,0.94454,0.020842,0.013528,0.017094,0.099293,5269.9,3654.2,0.00011957,4.2978e-05,0,0.025552,0,0.02974,0.0039809,0.0045832,0.011017,0.0081147,0.099744,0.028183,0.066044,0.19717,0.50027,0.30256,0.36187,0.51301,0.12512,0.381,0.5053,0.1137,1.3301,2.4205,8483.2,12823,10962,0.39806,0.42019,0.11943,0.57278,0.59104,0.091329,0.67365,0.68599,0.075804,0.7433,0.75163,0.066327,0.80151,0.80687,0.060509,0.018937,0.020476,0.10924,0.083797,0.15711,0.089548,0.075226,0.079742,0.056972,0.098379,0.1738,0.12903,0.14075,0.1461,0.044092,0.10655,0.20423,0.11614,0.0058737,0.0073655,0.063593,0.019369,0.013408,0.089543,0.013089,0.016076,0.064969,0.027491,0.019966,0.11029,0.022344,0.027024,0.064264,0.034593,0.029416,0.12931,0.0048805,0.0050081,0.038024,0.011343,0.010272,0.0077917,0.009502,0.010007,0.036478,0.01442,0.013986,0.021827,0.017132,0.018252,0.039883,0.020514,0.019916,0.035832,0.0026406,0.0038083,0.25482,0.034938,0.041761,0.11366,0.0062312,0.0083329,0.19116,0.039006,0.051302,0.11088,0.009817,0.0124,0.14889,0.040179,0.059001,0.10468,0.90282,91,109,91,432,2,2,2,1.5
